{
  "properties": {
    "connectionReferences": {
      "shared_sharepointonline_1": {
        "runtimeSource": "embedded",
        "connection": {
          "connectionReferenceLogicalName": "cr23a_sharedsharepointonline_1d640"
        },
        "api": {
          "name": "shared_sharepointonline"
        }
      },
      "shared_office365_1": {
        "runtimeSource": "embedded",
        "connection": {
          "connectionReferenceLogicalName": "cr23a_sharedoffice365_54306"
        },
        "api": {
          "name": "shared_office365"
        }
      }
    },
    "definition": {
      "$schema": "https://schema.management.azure.com/providers/Microsoft.Logic/schemas/2016-06-01/workflowdefinition.json#",
      "contentVersion": "undefined",
      "parameters": {
        "$authentication": {
          "defaultValue": {},
          "type": "SecureObject"
        },
        "$connections": {
          "defaultValue": {},
          "type": "Object"
        }
      },
      "triggers": {
        "Recurrence": {
          "recurrence": {
            "frequency": "Minute",
            "interval": 30,
            "startTime": "2025-02-17T10:00:00Z"
          },
          "metadata": {
            "operationMetadataId": "7385d0c6-41fa-4187-80dc-995d522b6222"
          },
          "type": "Recurrence"
        }
      },
      "actions": {
        "Initialize_variable_-_emailBody": {
          "runAfter": {
            "Initialize_variable_-_odataTypeWin32B": [
              "Succeeded"
            ]
          },
          "metadata": {
            "operationMetadataId": "4e70f3cc-4219-4217-9d25-fd696797084c"
          },
          "type": "InitializeVariable",
          "inputs": {
            "variables": [
              {
                "name": "EmailBody",
                "type": "string"
              }
            ]
          }
        },
        "Initialize_variable_-_odataTypeAndroid": {
          "runAfter": {
            "Initialize_variable_-_odataTypeMicrosoftB": [
              "Succeeded"
            ]
          },
          "metadata": {
            "operationMetadataId": "94d7b9b1-3ab5-4874-b118-3a871f1d4155"
          },
          "type": "InitializeVariable",
          "inputs": {
            "variables": [
              {
                "name": "odataTypeAndroid",
                "type": "string",
                "value": "Android"
              }
            ]
          }
        },
        "Initialize_variable_-_odataTypeMicrosoft": {
          "runAfter": {
            "Initialize_variable_-_appsecret": [
              "Succeeded"
            ]
          },
          "metadata": {
            "operationMetadataId": "27c924e7-39c5-40c2-b487-8c9896f5b32e"
          },
          "type": "InitializeVariable",
          "inputs": {
            "variables": [
              {
                "name": "odataTypeMicrosoft",
                "type": "string"
              }
            ]
          }
        },
        "Initialize_variable_-_odataTypeWin32": {
          "runAfter": {
            "Initialize_variable_-_odataTypeIOSB": [
              "Succeeded"
            ]
          },
          "metadata": {
            "operationMetadataId": "23f818f6-9cb1-4348-81fb-1bce3be80989"
          },
          "type": "InitializeVariable",
          "inputs": {
            "variables": [
              {
                "name": "odataTypeWin32",
                "type": "string",
                "value": "win32"
              }
            ]
          }
        },
        "Initialize_variable_-_odataTypeIOS": {
          "runAfter": {
            "Initialize_variable_-_odataTypeAndroidB": [
              "Succeeded"
            ]
          },
          "metadata": {
            "operationMetadataId": "1fe6acec-ceca-4b7f-925c-40f662c1116c"
          },
          "type": "InitializeVariable",
          "inputs": {
            "variables": [
              {
                "name": "odataTypeIOS",
                "type": "string",
                "value": "IOS"
              }
            ]
          }
        },
        "Initialize_variable_-_skuCount": {
          "runAfter": {
            "Initialize_variable_-_emailBody": [
              "Succeeded"
            ]
          },
          "metadata": {
            "operationMetadataId": "808cae7d-8ce7-4a52-b05b-eae36286d640"
          },
          "type": "InitializeVariable",
          "inputs": {
            "variables": [
              {
                "name": "skuCount",
                "type": "integer",
                "value": 0
              }
            ]
          }
        },
        "Initialize_variable_skuCountUp": {
          "runAfter": {
            "Initialize_variable_-_skuCount": [
              "Succeeded"
            ]
          },
          "metadata": {
            "operationMetadataId": "55db54ee-4358-46b0-915d-1d0112d822c9"
          },
          "type": "InitializeVariable",
          "inputs": {
            "variables": [
              {
                "name": "skuCountUp",
                "type": "integer"
              }
            ]
          }
        },
        "Initialize_variable_-_reportAudience": {
          "runAfter": {
            "Initialize_variable_-_reportInterval": [
              "Succeeded"
            ]
          },
          "metadata": {
            "operationMetadataId": "75c8d138-ca60-40f4-b168-8b10f6cdb17e"
          },
          "type": "InitializeVariable",
          "inputs": {
            "variables": [
              {
                "name": "reportAudience",
                "type": "string"
              }
            ]
          }
        },
        "Initialize_variable_-_odataTypeIOSB": {
          "runAfter": {
            "Initialize_variable_-_odataTypeIOS": [
              "Succeeded"
            ]
          },
          "metadata": {
            "operationMetadataId": "857897f1-2ca8-4696-87bf-0586a6ec389b"
          },
          "type": "InitializeVariable",
          "inputs": {
            "variables": [
              {
                "name": "odataTypeIOSB",
                "type": "string",
                "value": "ios"
              }
            ]
          }
        },
        "Initialize_variable_-_odataTypeMicrosoftB": {
          "runAfter": {
            "Initialize_variable_-_odataTypeMicrosoft": [
              "Succeeded"
            ]
          },
          "metadata": {
            "operationMetadataId": "429886da-b255-49be-aecf-e91f8018432a"
          },
          "type": "InitializeVariable",
          "inputs": {
            "variables": [
              {
                "name": "odataTypeMicrosoftB",
                "type": "string"
              }
            ]
          }
        },
        "Initialize_variable_-_odataTypeAndroidB": {
          "runAfter": {
            "Initialize_variable_-_odataTypeAndroid": [
              "Succeeded"
            ]
          },
          "metadata": {
            "operationMetadataId": "07598fe9-9996-44c6-b931-6998314458bf"
          },
          "type": "InitializeVariable",
          "inputs": {
            "variables": [
              {
                "name": "odataTypeAndroidB",
                "type": "string",
                "value": "android"
              }
            ]
          }
        },
        "Initialize_variable_-_odataTypeWin32B": {
          "runAfter": {
            "Initialize_variable_-_chipIndex": [
              "Succeeded"
            ]
          },
          "metadata": {
            "operationMetadataId": "ae0bc406-b735-43d5-b5ef-81fa9b7f4348"
          },
          "type": "InitializeVariable",
          "inputs": {
            "variables": [
              {
                "name": "odataTypeWin32B",
                "type": "string",
                "value": "win32"
              }
            ]
          }
        },
        "Initialize_displayName": {
          "runAfter": {
            "Initialize_variable_skuCountUp": [
              "Succeeded"
            ]
          },
          "metadata": {
            "operationMetadataId": "35f068ee-512c-44f4-a88c-4214b41a4b0e"
          },
          "type": "InitializeVariable",
          "inputs": {
            "variables": [
              {
                "name": "AppDisplayName",
                "type": "string"
              }
            ]
          }
        },
        "Initialize_variable_displayNameChnage": {
          "runAfter": {
            "Initialize_displayName": [
              "Succeeded"
            ]
          },
          "metadata": {
            "operationMetadataId": "2d24df20-5a16-4368-9b81-8354ff066f16"
          },
          "type": "InitializeVariable",
          "inputs": {
            "variables": [
              {
                "name": "displayNameChnage",
                "type": "string"
              }
            ]
          }
        },
        "Initialize_variable_sharepoint_html": {
          "runAfter": {
            "Initialize_variable_-_odataTypeWin32": [
              "Succeeded"
            ]
          },
          "type": "InitializeVariable",
          "inputs": {
            "variables": [
              {
                "name": "SharepointHTMLBody",
                "type": "string",
                "value": "<div style='font-family:Segoe UI,Arial,sans-serif;'>\n\n  <!-- Body -->\n  <div style='padding:15px; background-color:#0b3d2e; font-size:25px; color:white;'>\n\n    <!-- Managed Applications Section -->\n    <div style='background-color:#145c43; padding:15px; margin:15px 0; border-radius:10px;'>\n      <h2 style='color:white; margin-top:0;'>🔍 Managed Applications</h2>\n      <p style='color:white;'>\n        These are managed Intune applications assigned to Intune users or groups.  Assigned Apps do not represent those actually installed on devices.\n      </p>"
              }
            ]
          }
        },
        "Initialize_variable_colorPalette": {
          "runAfter": {
            "Initialize_variable_sharepoint_html": [
              "Succeeded"
            ]
          },
          "type": "InitializeVariable",
          "inputs": {
            "variables": [
              {
                "name": "coloPalette",
                "type": "array",
                "value": [
                  "#e91e63",
                  "#9c27b0",
                  "#ff5722",
                  "#00bcd4",
                  "#673ab7",
                  "#ff9800",
                  "#4caf50"
                ]
              }
            ]
          }
        },
        "Initialize_variable_-_appChips": {
          "runAfter": {
            "Initialize_variable_colorPalette": [
              "Succeeded"
            ]
          },
          "type": "InitializeVariable",
          "inputs": {
            "variables": [
              {
                "name": "appChips",
                "type": "string",
                "value": "\" \""
              }
            ]
          }
        },
        "Initialize_variable_-_chipIndex": {
          "runAfter": {
            "Initialize_variable_-_appChips": [
              "Succeeded"
            ]
          },
          "type": "InitializeVariable",
          "inputs": {
            "variables": [
              {
                "name": "chipIndex",
                "type": "integer",
                "value": 0
              }
            ]
          }
        },
        "Initialize_variable_windowsappcount": {
          "runAfter": {
            "Initialize_variable_displayNameChnage": [
              "Succeeded"
            ]
          },
          "type": "InitializeVariable",
          "inputs": {
            "variables": [
              {
                "name": "windowsappcount",
                "type": "integer",
                "value": 0
              }
            ]
          }
        },
        "Initialize_variable_androidappcount": {
          "runAfter": {
            "Initialize_variable_windowsappcount": [
              "Succeeded"
            ]
          },
          "type": "InitializeVariable",
          "inputs": {
            "variables": [
              {
                "name": "androidappcount",
                "type": "integer",
                "value": 0
              }
            ]
          }
        },
        "Initialize_variable_osappcount": {
          "runAfter": {
            "Initialize_variable_androidappcount": [
              "Succeeded"
            ]
          },
          "type": "InitializeVariable",
          "inputs": {
            "variables": [
              {
                "name": "iosappcount",
                "type": "integer",
                "value": 0
              }
            ]
          }
        },
        "Initialize_variable_macappcount": {
          "runAfter": {
            "Initialize_variable_osappcount": [
              "Succeeded"
            ]
          },
          "type": "InitializeVariable",
          "inputs": {
            "variables": [
              {
                "name": "macappcount",
                "type": "integer",
                "value": 0
              }
            ]
          }
        },
        "Initialize_variable_otherappcount": {
          "runAfter": {
            "Initialize_variable_macappcount": [
              "Succeeded"
            ]
          },
          "type": "InitializeVariable",
          "inputs": {
            "variables": [
              {
                "name": "otherappcount",
                "type": "integer",
                "value": 0
              }
            ]
          }
        },
        "Initialize_ReportManager": {
          "runAfter": {},
          "metadata": {
            "operationMetadataId": "57c57730-8d99-47f7-bae5-1631c64f7717"
          },
          "type": "InitializeVariable",
          "inputs": {
            "variables": [
              {
                "name": "ReportManager",
                "type": "string",
                "value": "name@domain.com"
              }
            ]
          }
        },
        "Initialize_variable_-_reportInterval": {
          "runAfter": {
            "Initialize_ReportManager": [
              "Succeeded"
            ]
          },
          "type": "InitializeVariable",
          "inputs": {
            "variables": [
              {
                "name": "reportInterval",
                "type": "string",
                "value": "30"
              }
            ]
          }
        },
        "Get_item_-_PowerAppReports_settings_record": {
          "runAfter": {
            "Initialize_variable_-_reportAudience": [
              "Succeeded"
            ]
          },
          "type": "OpenApiConnection",
          "inputs": {
            "parameters": {
              "dataset": "https://kumonixtech.sharepoint.com/sites/IntuneHRFlow22",
              "table": "868f7b94-2454-4abc-8d8d-c81cbb3fca5a",
              "id": 1
            },
            "host": {
              "apiId": "/providers/Microsoft.PowerApps/apis/shared_sharepointonline",
              "operationId": "GetItem",
              "connectionName": "shared_sharepointonline_1"
            }
          }
        },
        "Initialize_variable_-_lastTimeRun": {
          "runAfter": {
            "Get_item_-_PowerAppReports_settings_record": [
              "Succeeded"
            ]
          },
          "type": "InitializeVariable",
          "inputs": {
            "variables": [
              {
                "name": "LastTimeRun",
                "type": "string",
                "value": "@outputs('Get_item_-_PowerAppReports_settings_record')?['body/LastTimeRun']"
              }
            ]
          }
        },
        "Initialize_variable_-_tenantid": {
          "runAfter": {
            "Initialize_variable_-_lastTimeRun": [
              "Succeeded"
            ]
          },
          "type": "InitializeVariable",
          "inputs": {
            "variables": [
              {
                "name": "tenantid",
                "type": "string",
                "value": "a11b"
              }
            ]
          }
        },
        "Initialize_variable_-_client_id": {
          "runAfter": {
            "Initialize_variable_-_tenantid": [
              "Succeeded"
            ]
          },
          "type": "InitializeVariable",
          "inputs": {
            "variables": [
              {
                "name": "clientid",
                "type": "string",
                "value": "3674"
              }
            ]
          }
        },
        "Initialize_variable_-_appsecret": {
          "runAfter": {
            "Initialize_variable_-_client_id": [
              "Succeeded"
            ]
          },
          "type": "InitializeVariable",
          "inputs": {
            "variables": [
              {
                "name": "appsecret",
                "type": "string",
                "value": "Evs8a0G"
              }
            ]
          }
        },
        "Condition": {
          "actions": {
            "HTTP_-_Access_token": {
              "metadata": {
                "operationMetadataId": "6c0bd6dd-6c91-479e-9125-c78cc2c3ccd9"
              },
              "type": "Http",
              "inputs": {
                "uri": "https://login.microsoftonline.com/@{variables('tenantid')}/oauth2/v2.0/token",
                "method": "POST",
                "headers": {
                  "Content-Type": "application/x-www-form-urlencoded"
                },
                "body": "client_id=@{variables('clientid')}&scope=https://graph.microsoft.com/.default&client_secret=@{variables('appsecret')}&grant_type=client_credentials"
              },
              "runtimeConfiguration": {
                "contentTransfer": {
                  "transferMode": "Chunked"
                }
              }
            },
            "Parse_JSON": {
              "runAfter": {
                "HTTP_-_Access_token": [
                  "Succeeded"
                ]
              },
              "metadata": {
                "operationMetadataId": "0aef1f35-092e-43d1-9b12-ac96636582cb"
              },
              "type": "ParseJson",
              "inputs": {
                "content": "@body('HTTP_-_Access_token')",
                "schema": {
                  "type": "object",
                  "properties": {
                    "token_type": {
                      "type": "string"
                    },
                    "expires_in": {
                      "type": "integer"
                    },
                    "ext_expires_in": {
                      "type": "integer"
                    },
                    "access_token": {
                      "type": "string"
                    }
                  }
                }
              }
            },
            "HTTP_-_Get_App_Information": {
              "runAfter": {
                "Parse_JSON": [
                  "Succeeded"
                ]
              },
              "metadata": {
                "operationMetadataId": "f47b6e0f-deb5-48f5-83c0-79c306faf651"
              },
              "type": "Http",
              "inputs": {
                "uri": "https://graph.microsoft.com/beta/deviceAppManagement/mobileApps",
                "method": "GET",
                "headers": {
                  "Authorization": "Bearer @{body('Parse_JSON')?['access_token']}",
                  "Accept": "application/json"
                },
                "authentication": {
                  "type": "ActiveDirectoryOAuth",
                  "authority": "https://login.windows.net",
                  "tenant": "@{variables('tenantid')}",
                  "audience": "https://graph.microsoft.com",
                  "clientId": "@{variables('clientid')}",
                  "secret": "@{variables('appsecret')}"
                }
              },
              "runtimeConfiguration": {
                "contentTransfer": {
                  "transferMode": "Chunked"
                }
              }
            },
            "Parse_JSON_1": {
              "runAfter": {
                "HTTP_-_Get_App_Information": [
                  "Succeeded"
                ]
              },
              "metadata": {
                "operationMetadataId": "f381b5b8-de17-411f-9777-f46f02abcfd0"
              },
              "type": "ParseJson",
              "inputs": {
                "content": "@body('HTTP_-_Get_App_Information')",
                "schema": {
                  "type": "object",
                  "properties": {
                    "content": {
                      "type": "object",
                      "properties": {
                        "@@odata.context": {
                          "type": "string"
                        },
                        "@@odata.count": {
                          "type": "integer"
                        },
                        "value": {
                          "type": "array",
                          "items": {
                            "type": "object",
                            "properties": {
                              "@@odata.type": {
                                "type": "string"
                              },
                              "id": {
                                "type": "string"
                              },
                              "displayName": {
                                "type": "string"
                              },
                              "description": {
                                "type": "string"
                              },
                              "publisher": {
                                "type": "string"
                              },
                              "largeIcon": {},
                              "createdDateTime": {
                                "type": "string"
                              },
                              "lastModifiedDateTime": {
                                "type": "string"
                              },
                              "isFeatured": {
                                "type": "boolean"
                              },
                              "privacyInformationUrl": {},
                              "informationUrl": {},
                              "owner": {},
                              "developer": {},
                              "notes": {},
                              "publishingState": {
                                "type": "string"
                              },
                              "appAvailability": {
                                "type": "string"
                              },
                              "version": {},
                              "packageId": {
                                "type": "string"
                              },
                              "appStoreUrl": {
                                "type": "string"
                              },
                              "minimumSupportedOperatingSystem": {
                                "type": "object",
                                "properties": {
                                  "v4_0": {
                                    "type": "boolean"
                                  },
                                  "v4_0_3": {
                                    "type": "boolean"
                                  },
                                  "v4_1": {
                                    "type": "boolean"
                                  },
                                  "v4_2": {
                                    "type": "boolean"
                                  },
                                  "v4_3": {
                                    "type": "boolean"
                                  },
                                  "v4_4": {
                                    "type": "boolean"
                                  },
                                  "v5_0": {
                                    "type": "boolean"
                                  },
                                  "v5_1": {
                                    "type": "boolean"
                                  },
                                  "v6_0": {
                                    "type": "boolean"
                                  },
                                  "v7_0": {
                                    "type": "boolean"
                                  },
                                  "v7_1": {
                                    "type": "boolean"
                                  },
                                  "v8_0": {
                                    "type": "boolean"
                                  },
                                  "v8_1": {
                                    "type": "boolean"
                                  },
                                  "v9_0": {
                                    "type": "boolean"
                                  },
                                  "v10_0": {
                                    "type": "boolean"
                                  },
                                  "v11_0": {
                                    "type": "boolean"
                                  }
                                }
                              },
                              "bundleId": {
                                "type": "string"
                              },
                              "applicableDeviceType": {
                                "type": "object",
                                "properties": {
                                  "iPad": {
                                    "type": "boolean"
                                  },
                                  "iPhoneAndIPod": {
                                    "type": "boolean"
                                  }
                                }
                              },
                              "committedContentVersion": {
                                "type": "string"
                              },
                              "fileName": {
                                "type": "string"
                              },
                              "size": {
                                "type": "integer"
                              },
                              "installCommandLine": {
                                "type": "string"
                              },
                              "uninstallCommandLine": {
                                "type": "string"
                              },
                              "applicableArchitectures": {
                                "type": "string"
                              },
                              "minimumFreeDiskSpaceInMB": {},
                              "minimumMemoryInMB": {},
                              "minimumNumberOfProcessors": {},
                              "minimumCpuSpeedInMHz": {},
                              "msiInformation": {},
                              "setupFilePath": {
                                "type": "string"
                              },
                              "minimumSupportedWindowsRelease": {
                                "type": "string"
                              },
                              "rules": {
                                "type": "array",
                                "items": {
                                  "type": "object",
                                  "properties": {
                                    "@@odata.type": {
                                      "type": "string"
                                    },
                                    "ruleType": {
                                      "type": "string"
                                    },
                                    "productCode": {
                                      "type": "string"
                                    },
                                    "productVersionOperator": {
                                      "type": "string"
                                    },
                                    "productVersion": {}
                                  },
                                  "required": [
                                    "@@odata.type",
                                    "ruleType",
                                    "productCode",
                                    "productVersionOperator",
                                    "productVersion"
                                  ]
                                }
                              },
                              "installExperience": {
                                "type": "object",
                                "properties": {
                                  "runAsAccount": {
                                    "type": "string"
                                  },
                                  "deviceRestartBehavior": {
                                    "type": "string"
                                  }
                                }
                              },
                              "returnCodes": {
                                "type": "array",
                                "items": {
                                  "type": "object",
                                  "properties": {
                                    "returnCode": {
                                      "type": "integer"
                                    },
                                    "type": {
                                      "type": "string"
                                    }
                                  },
                                  "required": [
                                    "returnCode",
                                    "type"
                                  ]
                                }
                              },
                              "usedLicenseCount": {
                                "type": "integer"
                              },
                              "totalLicenseCount": {
                                "type": "integer"
                              },
                              "releaseDateTime": {
                                "type": "string"
                              },
                              "vppTokenOrganizationName": {
                                "type": "string"
                              },
                              "vppTokenAccountType": {
                                "type": "string"
                              },
                              "vppTokenAppleId": {
                                "type": "string"
                              },
                              "licensingType": {
                                "type": "object",
                                "properties": {
                                  "supportsUserLicensing": {
                                    "type": "boolean"
                                  },
                                  "supportsDeviceLicensing": {
                                    "type": "boolean"
                                  }
                                }
                              }
                            },
                            "required": [
                              "id",
                              "displayName",
                              "description",
                              "publisher",
                              "largeIcon",
                              "createdDateTime",
                              "lastModifiedDateTime",
                              "isFeatured",
                              "privacyInformationUrl",
                              "informationUrl",
                              "owner",
                              "developer",
                              "notes",
                              "publishingState"
                            ]
                          }
                        }
                      }
                    },
                    "schema": {
                      "type": "object",
                      "properties": {
                        "type": {
                          "type": "string"
                        },
                        "properties": {
                          "type": "object",
                          "properties": {
                            "value": {
                              "type": "object",
                              "properties": {
                                "type": {
                                  "type": "string"
                                },
                                "items": {
                                  "type": "object",
                                  "properties": {
                                    "type": {
                                      "type": "string"
                                    },
                                    "properties": {
                                      "type": "object",
                                      "properties": {
                                        "id": {
                                          "type": "object",
                                          "properties": {
                                            "type": {
                                              "type": "string"
                                            }
                                          }
                                        },
                                        "displayName": {
                                          "type": "object",
                                          "properties": {
                                            "type": {
                                              "type": "string"
                                            }
                                          }
                                        },
                                        "description": {
                                          "type": "object",
                                          "properties": {
                                            "type": {
                                              "type": "string"
                                            }
                                          }
                                        },
                                        "publisher": {
                                          "type": "object",
                                          "properties": {
                                            "type": {
                                              "type": "string"
                                            }
                                          }
                                        },
                                        "largeIcon": {
                                          "type": "object",
                                          "properties": {}
                                        },
                                        "createdDateTime": {
                                          "type": "object",
                                          "properties": {
                                            "type": {
                                              "type": "string"
                                            }
                                          }
                                        },
                                        "lastModifiedDateTime": {
                                          "type": "object",
                                          "properties": {
                                            "type": {
                                              "type": "string"
                                            }
                                          }
                                        },
                                        "isFeatured": {
                                          "type": "object",
                                          "properties": {
                                            "type": {
                                              "type": "string"
                                            }
                                          }
                                        },
                                        "privacyInformationUrl": {
                                          "type": "object",
                                          "properties": {}
                                        },
                                        "informationUrl": {
                                          "type": "object",
                                          "properties": {}
                                        },
                                        "owner": {
                                          "type": "object",
                                          "properties": {}
                                        },
                                        "developer": {
                                          "type": "object",
                                          "properties": {}
                                        },
                                        "notes": {
                                          "type": "object",
                                          "properties": {}
                                        },
                                        "publishingState": {
                                          "type": "object",
                                          "properties": {
                                            "type": {
                                              "type": "string"
                                            }
                                          }
                                        },
                                        "appAvailability": {
                                          "type": "object",
                                          "properties": {
                                            "type": {
                                              "type": "string"
                                            }
                                          }
                                        },
                                        "version": {
                                          "type": "object",
                                          "properties": {}
                                        },
                                        "packageId": {
                                          "type": "object",
                                          "properties": {
                                            "type": {
                                              "type": "string"
                                            }
                                          }
                                        },
                                        "appStoreUrl": {
                                          "type": "object",
                                          "properties": {
                                            "type": {
                                              "type": "string"
                                            }
                                          }
                                        },
                                        "minimumSupportedOperatingSystem": {
                                          "type": "object",
                                          "properties": {
                                            "type": {
                                              "type": "string"
                                            },
                                            "properties": {
                                              "type": "object",
                                              "properties": {
                                                "v4_0": {
                                                  "type": "object",
                                                  "properties": {
                                                    "type": {
                                                      "type": "string"
                                                    }
                                                  }
                                                },
                                                "v4_0_3": {
                                                  "type": "object",
                                                  "properties": {
                                                    "type": {
                                                      "type": "string"
                                                    }
                                                  }
                                                },
                                                "v4_1": {
                                                  "type": "object",
                                                  "properties": {
                                                    "type": {
                                                      "type": "string"
                                                    }
                                                  }
                                                },
                                                "v4_2": {
                                                  "type": "object",
                                                  "properties": {
                                                    "type": {
                                                      "type": "string"
                                                    }
                                                  }
                                                },
                                                "v4_3": {
                                                  "type": "object",
                                                  "properties": {
                                                    "type": {
                                                      "type": "string"
                                                    }
                                                  }
                                                },
                                                "v4_4": {
                                                  "type": "object",
                                                  "properties": {
                                                    "type": {
                                                      "type": "string"
                                                    }
                                                  }
                                                },
                                                "v5_0": {
                                                  "type": "object",
                                                  "properties": {
                                                    "type": {
                                                      "type": "string"
                                                    }
                                                  }
                                                },
                                                "v5_1": {
                                                  "type": "object",
                                                  "properties": {
                                                    "type": {
                                                      "type": "string"
                                                    }
                                                  }
                                                },
                                                "v6_0": {
                                                  "type": "object",
                                                  "properties": {
                                                    "type": {
                                                      "type": "string"
                                                    }
                                                  }
                                                },
                                                "v7_0": {
                                                  "type": "object",
                                                  "properties": {
                                                    "type": {
                                                      "type": "string"
                                                    }
                                                  }
                                                },
                                                "v7_1": {
                                                  "type": "object",
                                                  "properties": {
                                                    "type": {
                                                      "type": "string"
                                                    }
                                                  }
                                                },
                                                "v8_0": {
                                                  "type": "object",
                                                  "properties": {
                                                    "type": {
                                                      "type": "string"
                                                    }
                                                  }
                                                },
                                                "v8_1": {
                                                  "type": "object",
                                                  "properties": {
                                                    "type": {
                                                      "type": "string"
                                                    }
                                                  }
                                                },
                                                "v9_0": {
                                                  "type": "object",
                                                  "properties": {
                                                    "type": {
                                                      "type": "string"
                                                    }
                                                  }
                                                },
                                                "v10_0": {
                                                  "type": "object",
                                                  "properties": {
                                                    "type": {
                                                      "type": "string"
                                                    }
                                                  }
                                                },
                                                "v11_0": {
                                                  "type": "object",
                                                  "properties": {
                                                    "type": {
                                                      "type": "string"
                                                    }
                                                  }
                                                }
                                              }
                                            }
                                          }
                                        },
                                        "bundleId": {
                                          "type": "object",
                                          "properties": {
                                            "type": {
                                              "type": "string"
                                            }
                                          }
                                        },
                                        "applicableDeviceType": {
                                          "type": "object",
                                          "properties": {
                                            "type": {
                                              "type": "string"
                                            },
                                            "properties": {
                                              "type": "object",
                                              "properties": {
                                                "iPad": {
                                                  "type": "object",
                                                  "properties": {
                                                    "type": {
                                                      "type": "string"
                                                    }
                                                  }
                                                },
                                                "iPhoneAndIPod": {
                                                  "type": "object",
                                                  "properties": {
                                                    "type": {
                                                      "type": "string"
                                                    }
                                                  }
                                                }
                                              }
                                            }
                                          }
                                        },
                                        "committedContentVersion": {
                                          "type": "object",
                                          "properties": {
                                            "type": {
                                              "type": "string"
                                            }
                                          }
                                        },
                                        "fileName": {
                                          "type": "object",
                                          "properties": {
                                            "type": {
                                              "type": "string"
                                            }
                                          }
                                        },
                                        "size": {
                                          "type": "object",
                                          "properties": {
                                            "type": {
                                              "type": "string"
                                            }
                                          }
                                        },
                                        "installCommandLine": {
                                          "type": "object",
                                          "properties": {
                                            "type": {
                                              "type": "string"
                                            }
                                          }
                                        },
                                        "uninstallCommandLine": {
                                          "type": "object",
                                          "properties": {
                                            "type": {
                                              "type": "string"
                                            }
                                          }
                                        },
                                        "applicableArchitectures": {
                                          "type": "object",
                                          "properties": {
                                            "type": {
                                              "type": "string"
                                            }
                                          }
                                        },
                                        "minimumFreeDiskSpaceInMB": {
                                          "type": "object",
                                          "properties": {}
                                        },
                                        "minimumMemoryInMB": {
                                          "type": "object",
                                          "properties": {}
                                        },
                                        "minimumNumberOfProcessors": {
                                          "type": "object",
                                          "properties": {}
                                        },
                                        "minimumCpuSpeedInMHz": {
                                          "type": "object",
                                          "properties": {}
                                        },
                                        "msiInformation": {
                                          "type": "object",
                                          "properties": {}
                                        },
                                        "setupFilePath": {
                                          "type": "object",
                                          "properties": {
                                            "type": {
                                              "type": "string"
                                            }
                                          }
                                        },
                                        "minimumSupportedWindowsRelease": {
                                          "type": "object",
                                          "properties": {
                                            "type": {
                                              "type": "string"
                                            }
                                          }
                                        },
                                        "rules": {
                                          "type": "object",
                                          "properties": {
                                            "type": {
                                              "type": "string"
                                            },
                                            "items": {
                                              "type": "object",
                                              "properties": {
                                                "type": {
                                                  "type": "string"
                                                },
                                                "properties": {
                                                  "type": "object",
                                                  "properties": {
                                                    "ruleType": {
                                                      "type": "object",
                                                      "properties": {
                                                        "type": {
                                                          "type": "string"
                                                        }
                                                      }
                                                    },
                                                    "productCode": {
                                                      "type": "object",
                                                      "properties": {
                                                        "type": {
                                                          "type": "string"
                                                        }
                                                      }
                                                    },
                                                    "productVersionOperator": {
                                                      "type": "object",
                                                      "properties": {
                                                        "type": {
                                                          "type": "string"
                                                        }
                                                      }
                                                    },
                                                    "productVersion": {
                                                      "type": "object",
                                                      "properties": {}
                                                    },
                                                    "@@odata.type": {
                                                      "type": "object",
                                                      "properties": {
                                                        "type": {
                                                          "type": "string"
                                                        }
                                                      }
                                                    }
                                                  }
                                                },
                                                "required": {
                                                  "type": "array",
                                                  "items": {
                                                    "type": "string"
                                                  }
                                                }
                                              }
                                            }
                                          }
                                        },
                                        "installExperience": {
                                          "type": "object",
                                          "properties": {
                                            "type": {
                                              "type": "string"
                                            },
                                            "properties": {
                                              "type": "object",
                                              "properties": {
                                                "runAsAccount": {
                                                  "type": "object",
                                                  "properties": {
                                                    "type": {
                                                      "type": "string"
                                                    }
                                                  }
                                                },
                                                "deviceRestartBehavior": {
                                                  "type": "object",
                                                  "properties": {
                                                    "type": {
                                                      "type": "string"
                                                    }
                                                  }
                                                }
                                              }
                                            }
                                          }
                                        },
                                        "returnCodes": {
                                          "type": "object",
                                          "properties": {
                                            "type": {
                                              "type": "string"
                                            },
                                            "items": {
                                              "type": "object",
                                              "properties": {
                                                "type": {
                                                  "type": "string"
                                                },
                                                "properties": {
                                                  "type": "object",
                                                  "properties": {
                                                    "returnCode": {
                                                      "type": "object",
                                                      "properties": {
                                                        "type": {
                                                          "type": "string"
                                                        }
                                                      }
                                                    },
                                                    "type": {
                                                      "type": "object",
                                                      "properties": {
                                                        "type": {
                                                          "type": "string"
                                                        }
                                                      }
                                                    }
                                                  }
                                                },
                                                "required": {
                                                  "type": "array",
                                                  "items": {
                                                    "type": "string"
                                                  }
                                                }
                                              }
                                            }
                                          }
                                        },
                                        "usedLicenseCount": {
                                          "type": "object",
                                          "properties": {
                                            "type": {
                                              "type": "string"
                                            }
                                          }
                                        },
                                        "totalLicenseCount": {
                                          "type": "object",
                                          "properties": {
                                            "type": {
                                              "type": "string"
                                            }
                                          }
                                        },
                                        "releaseDateTime": {
                                          "type": "object",
                                          "properties": {
                                            "type": {
                                              "type": "string"
                                            }
                                          }
                                        },
                                        "vppTokenOrganizationName": {
                                          "type": "object",
                                          "properties": {
                                            "type": {
                                              "type": "string"
                                            }
                                          }
                                        },
                                        "vppTokenAccountType": {
                                          "type": "object",
                                          "properties": {
                                            "type": {
                                              "type": "string"
                                            }
                                          }
                                        },
                                        "vppTokenAppleId": {
                                          "type": "object",
                                          "properties": {
                                            "type": {
                                              "type": "string"
                                            }
                                          }
                                        },
                                        "licensingType": {
                                          "type": "object",
                                          "properties": {
                                            "type": {
                                              "type": "string"
                                            },
                                            "properties": {
                                              "type": "object",
                                              "properties": {
                                                "supportsUserLicensing": {
                                                  "type": "object",
                                                  "properties": {
                                                    "type": {
                                                      "type": "string"
                                                    }
                                                  }
                                                },
                                                "supportsDeviceLicensing": {
                                                  "type": "object",
                                                  "properties": {
                                                    "type": {
                                                      "type": "string"
                                                    }
                                                  }
                                                }
                                              }
                                            }
                                          }
                                        },
                                        "@@odata.type": {
                                          "type": "object",
                                          "properties": {
                                            "type": {
                                              "type": "string"
                                            }
                                          }
                                        }
                                      }
                                    },
                                    "required": {
                                      "type": "array",
                                      "items": {
                                        "type": "string"
                                      }
                                    }
                                  }
                                }
                              }
                            },
                            "@@odata.context": {
                              "type": "object",
                              "properties": {
                                "type": {
                                  "type": "string"
                                }
                              }
                            },
                            "@@odata.count": {
                              "type": "object",
                              "properties": {
                                "type": {
                                  "type": "string"
                                }
                              }
                            }
                          }
                        }
                      }
                    }
                  }
                }
              }
            },
            "Compose": {
              "runAfter": {
                "Parse_JSON_1": [
                  "Succeeded"
                ]
              },
              "metadata": {
                "operationMetadataId": "35e44ad7-2e0d-47d7-94bc-67ad6bba97cf"
              },
              "type": "Compose",
              "inputs": "@body('Parse_JSON_1')"
            },
            "Apply_to_each": {
              "foreach": "@body('Parse_JSON_1')?['value']",
              "actions": {
                "Condition_-_its_the_same_App_display_name_then_skip": {
                  "actions": {},
                  "runAfter": {
                    "Set_variable_displayName": [
                      "Succeeded"
                    ]
                  },
                  "else": {
                    "actions": {
                      "Append_to_string_variable": {
                        "runAfter": {
                          "Set_variable_-_displaynamechange_to_appdisplayname": [
                            "Succeeded"
                          ]
                        },
                        "metadata": {
                          "operationMetadataId": "67ba46c4-383f-4a52-8e9c-3e41b4a5485e"
                        },
                        "type": "AppendToStringVariable",
                        "inputs": {
                          "name": "EmailBody",
                          "value": "Application:   @{variables('AppDisplayName')}  <br>"
                        }
                      },
                      "Set_variable_-_displaynamechange_to_appdisplayname": {
                        "metadata": {
                          "operationMetadataId": "9cb03209-839d-4787-b7c7-8bac0a4f89ff"
                        },
                        "type": "SetVariable",
                        "inputs": {
                          "name": "displayNameChnage",
                          "value": "@variables('AppDisplayName')"
                        }
                      },
                      "Compose_color": {
                        "runAfter": {
                          "Append_to_string_variable": [
                            "Succeeded"
                          ]
                        },
                        "type": "Compose",
                        "inputs": "@{variables('coloPalette')[mod(variables('chipIndex'), length(variables('coloPalette')))]}\n"
                      },
                      "Switch_platform_type": {
                        "runAfter": {
                          "Compose_color": [
                            "Succeeded"
                          ]
                        },
                        "cases": {
                          "Case_windows_winget": {
                            "case": "#microsoft.graph.winGetApp",
                            "actions": {
                              "Compose_add_1_to_windowsappcount": {
                                "metadata": {
                                  "operationMetadataId": "291d09b3-d8fb-45fc-b08f-92813101c22b"
                                },
                                "type": "Compose",
                                "inputs": "@int(add(variables('windowsappcount'), 1))"
                              },
                              "Append_to_string_variable_-_sharepoint_html_body": {
                                "runAfter": {
                                  "Increment_variable_winappcount": [
                                    "Succeeded"
                                  ]
                                },
                                "type": "AppendToStringVariable",
                                "inputs": {
                                  "name": "SharepointHTMLBody",
                                  "value": "      <div style='background-color:#1f7a57; color:white; padding:8px 20px; border-radius:20px; font-weight:bold; margin:5px;'>\n  @{variables('AppDisplayName')} 🪟\n</div>"
                                }
                              },
                              "Increment_variable_winappcount": {
                                "runAfter": {
                                  "Compose_add_1_to_windowsappcount": [
                                    "Succeeded"
                                  ]
                                },
                                "type": "IncrementVariable",
                                "inputs": {
                                  "name": "windowsappcount",
                                  "value": 1
                                }
                              }
                            }
                          },
                          "Case_android_-_managed_store": {
                            "case": "#microsoft.graph.androidManagedStoreApp",
                            "actions": {
                              "Compose_add_1_to_androidappcount_": {
                                "metadata": {
                                  "operationMetadataId": "291d09b3-d8fb-45fc-b08f-92813101c22b"
                                },
                                "type": "Compose",
                                "inputs": "@int(add(variables('androidappcount'), 1))"
                              },
                              "Append_to_string_variable_-_sharepoint_html_body_1": {
                                "runAfter": {
                                  "Increment_variable_android": [
                                    "Succeeded"
                                  ]
                                },
                                "type": "AppendToStringVariable",
                                "inputs": {
                                  "name": "SharepointHTMLBody",
                                  "value": "      <div style='background-color:#1f7a57; color:white; padding:8px 20px; border-radius:20px; font-weight:bold; margin:5px;'>\n  @{variables('AppDisplayName')} 🤖\n</div>"
                                }
                              },
                              "Increment_variable_android": {
                                "runAfter": {
                                  "Compose_add_1_to_androidappcount_": [
                                    "Succeeded"
                                  ]
                                },
                                "type": "IncrementVariable",
                                "inputs": {
                                  "name": "androidappcount",
                                  "value": 1
                                }
                              }
                            }
                          },
                          "Case_-_ios_VPP": {
                            "case": "#microsoft.graph.iosVppApp",
                            "actions": {
                              "Compose_add_1_to_androidappcount__1": {
                                "metadata": {
                                  "operationMetadataId": "291d09b3-d8fb-45fc-b08f-92813101c22b"
                                },
                                "type": "Compose",
                                "inputs": "@int(add(variables('iosappcount'), 1))"
                              },
                              "Append_to_string_variable_-_sharepoint_html_body_1_1": {
                                "runAfter": {
                                  "Increment_variable_ioscount": [
                                    "Succeeded"
                                  ]
                                },
                                "type": "AppendToStringVariable",
                                "inputs": {
                                  "name": "SharepointHTMLBody",
                                  "value": "      <div style='background-color:#1f7a57; color:white; padding:8px 20px; border-radius:20px; font-weight:bold; margin:5px;'>\n  @{variables('AppDisplayName')} 🍏\n</div>"
                                }
                              },
                              "Increment_variable_ioscount": {
                                "runAfter": {
                                  "Compose_add_1_to_androidappcount__1": [
                                    "Succeeded"
                                  ]
                                },
                                "type": "IncrementVariable",
                                "inputs": {
                                  "name": "iosappcount",
                                  "value": 1
                                }
                              }
                            }
                          },
                          "Case._-_macOSLOB_Apps": {
                            "case": "#microsoft.graph.macOSLobApp",
                            "actions": {
                              "Compose_add_1_to_androidappcount__1_1": {
                                "metadata": {
                                  "operationMetadataId": "291d09b3-d8fb-45fc-b08f-92813101c22b"
                                },
                                "type": "Compose",
                                "inputs": "@int(add(variables('macappcount'), 1))"
                              },
                              "Append_to_string_variable_-_sharepoint_html_body_1_1_1": {
                                "runAfter": {
                                  "Increment_variable_macoscount": [
                                    "Succeeded"
                                  ]
                                },
                                "type": "AppendToStringVariable",
                                "inputs": {
                                  "name": "SharepointHTMLBody",
                                  "value": "      <div style='background-color:#1f7a57; color:white; padding:8px 20px; border-radius:20px; font-weight:bold; margin:5px;'>\n  @{variables('AppDisplayName')} 🍎\n</div>"
                                }
                              },
                              "Increment_variable_macoscount": {
                                "runAfter": {
                                  "Compose_add_1_to_androidappcount__1_1": [
                                    "Succeeded"
                                  ]
                                },
                                "type": "IncrementVariable",
                                "inputs": {
                                  "name": "macappcount",
                                  "value": 1
                                }
                              }
                            }
                          },
                          "Case__-_officesuite": {
                            "case": "#microsoft.graph.officeSuiteApp",
                            "actions": {
                              "Compose_add_1_to_androidappcount__1_1_1": {
                                "metadata": {
                                  "operationMetadataId": "291d09b3-d8fb-45fc-b08f-92813101c22b"
                                },
                                "type": "Compose",
                                "inputs": "@int(add(variables('windowsappcount'), 1))"
                              },
                              "Append_to_string_variable_-_sharepoint_html_body_1_1_1_1": {
                                "runAfter": {
                                  "Increment_variable_winappcount1": [
                                    "Succeeded"
                                  ]
                                },
                                "type": "AppendToStringVariable",
                                "inputs": {
                                  "name": "SharepointHTMLBody",
                                  "value": "      <div style='background-color:#1f7a57; color:white; padding:8px 20px; border-radius:20px; font-weight:bold; margin:5px;'>\n  @{variables('AppDisplayName')} 🪟\n</div>"
                                }
                              },
                              "Increment_variable_winappcount1": {
                                "runAfter": {
                                  "Compose_add_1_to_androidappcount__1_1_1": [
                                    "Succeeded"
                                  ]
                                },
                                "type": "IncrementVariable",
                                "inputs": {
                                  "name": "windowsappcount",
                                  "value": 1
                                }
                              }
                            }
                          },
                          "Case_iosstoreapp": {
                            "case": "#microsoft.graph.iosStoreApp",
                            "actions": {
                              "Compose_add_1_to_androidappcount__1_1_1_1": {
                                "metadata": {
                                  "operationMetadataId": "291d09b3-d8fb-45fc-b08f-92813101c22b"
                                },
                                "type": "Compose",
                                "inputs": "@int(add(variables('iosappcount'), 1))"
                              },
                              "Append_to_string_variable_-_sharepoint_html_body_1_1_1_1_1": {
                                "runAfter": {
                                  "Increment_variable_ioscount1": [
                                    "Succeeded"
                                  ]
                                },
                                "type": "AppendToStringVariable",
                                "inputs": {
                                  "name": "SharepointHTMLBody",
                                  "value": "      <div style='background-color:#1f7a57; color:white; padding:8px 20px; border-radius:20px; font-weight:bold; margin:5px;'>\n  @{variables('AppDisplayName')} 🍏\n</div>"
                                }
                              },
                              "Increment_variable_ioscount1": {
                                "runAfter": {
                                  "Compose_add_1_to_androidappcount__1_1_1_1": [
                                    "Succeeded"
                                  ]
                                },
                                "type": "IncrementVariable",
                                "inputs": {
                                  "name": "iosappcount",
                                  "value": 1
                                }
                              }
                            }
                          },
                          "Case_windows_win32lobapp": {
                            "case": "#microsoft.graph.win32LobApp",
                            "actions": {
                              "Compose_add_1_to_androidappcount__1_1_1_2": {
                                "metadata": {
                                  "operationMetadataId": "291d09b3-d8fb-45fc-b08f-92813101c22b"
                                },
                                "type": "Compose",
                                "inputs": "@int(add(variables('windowsappcount'), 1))"
                              },
                              "Append_to_string_variable_-_sharepoint_html_body_1_1_1_1_2": {
                                "runAfter": {
                                  "Increment_variable_winappcount2": [
                                    "Succeeded"
                                  ]
                                },
                                "type": "AppendToStringVariable",
                                "inputs": {
                                  "name": "SharepointHTMLBody",
                                  "value": "      <div style='background-color:#1f7a57; color:white; padding:8px 20px; border-radius:20px; font-weight:bold; margin:5px;'>\n  @{variables('AppDisplayName')} 🪟\n</div>"
                                }
                              },
                              "Increment_variable_winappcount2": {
                                "runAfter": {
                                  "Compose_add_1_to_androidappcount__1_1_1_2": [
                                    "Succeeded"
                                  ]
                                },
                                "type": "IncrementVariable",
                                "inputs": {
                                  "name": "windowsappcount",
                                  "value": 1
                                }
                              }
                            }
                          }
                        },
                        "default": {
                          "actions": {
                            "Append_to_string_variable_-_sharepoint_html_body_2": {
                              "runAfter": {
                                "Increment_otherappcount": [
                                  "Succeeded"
                                ]
                              },
                              "type": "AppendToStringVariable",
                              "inputs": {
                                "name": "SharepointHTMLBody",
                                "value": "      <div style='background-color:#1f7a57; color:white; padding:8px 20px; border-radius:20px; font-weight:bold; margin:5px;'>\n  @{variables('AppDisplayName')} \n</div>"
                              }
                            },
                            "Increment_otherappcount": {
                              "type": "IncrementVariable",
                              "inputs": {
                                "name": "otherappcount",
                                "value": 1
                              }
                            }
                          }
                        },
                        "expression": "@item()?['@odata.type']",
                        "type": "Switch"
                      }
                    }
                  },
                  "expression": {
                    "and": [
                      {
                        "equals": [
                          "@variables('displayNameChnage')",
                          "@variables('AppDisplayName')"
                        ]
                      }
                    ]
                  },
                  "metadata": {
                    "operationMetadataId": "ed108129-9ba6-418c-b4aa-5fb2d8d3f6df"
                  },
                  "type": "If"
                },
                "Set_variable_displayName": {
                  "metadata": {
                    "operationMetadataId": "6406cbf7-9841-4e7a-b5d6-db3d7f6e0707"
                  },
                  "type": "SetVariable",
                  "inputs": {
                    "name": "AppDisplayName",
                    "value": "@item()?['displayName']"
                  }
                },
                "Increment_variable_-_increment_chipIndex": {
                  "runAfter": {
                    "Condition_-_its_the_same_App_display_name_then_skip": [
                      "Succeeded"
                    ]
                  },
                  "type": "IncrementVariable",
                  "inputs": {
                    "name": "chipIndex",
                    "value": 1
                  }
                }
              },
              "runAfter": {
                "Compose": [
                  "Succeeded"
                ]
              },
              "metadata": {
                "operationMetadataId": "b43917c8-89d0-446e-bb2d-eb748b7fa2e6"
              },
              "type": "Foreach"
            },
            "Compose_add_all_apptypes": {
              "runAfter": {
                "Apply_to_each": [
                  "Succeeded"
                ]
              },
              "type": "Compose",
              "inputs": "@add(\n   add(\n      add(variables('macappcount'), variables('iosappcount')),\n      variables('androidappcount')\n   ),\n   variables('windowsappcount')\n)\n"
            },
            "Append_to_string_variable_2": {
              "runAfter": {
                "Compose_add_all_apptypes": [
                  "Succeeded"
                ]
              },
              "type": "AppendToStringVariable",
              "inputs": {
                "name": "SharepointHTMLBody",
                "value": "    <!-- Footer Message -->\n  </div>\n</div>\""
              }
            },
            "Compose_-_html_for_email": {
              "runAfter": {
                "Append_to_string_variable_2": [
                  "Succeeded"
                ]
              },
              "type": "Compose",
              "inputs": "<!DOCTYPE html>\n<html lang=\"en\">\n<head>\n<meta charset=\"UTF-8\">\n<meta name=\"viewport\" content=\"width=device-width, initial-scale=1.0\">\n<title>Discovered and Managed Intune Applications report</title>\n<style>\nbody {\nfont-family: Arial, sans-serif;\nline-height: 1.6;\ncolor: #333;\n}\n.header, .footer {\nbackground-color: #180C5A;\ncolor: white;\ntext-align: center;\npadding: 10px;\n}\n.logo {\ndisplay: block;\nmargin: 0 auto;\nheight: 50px;\n}\n.content {\npadding: 20px;\n}\n.button {\ndisplay: inline-block;\nbackground-color: #180C5A;\ncolor: white;\npadding: 10px 20px;\ntext-decoration: none;\nborder-radius: 5px;\n}\n</style>\n</head>\n<body>\n<div class=\"header\">\n<b>Intune Apps:</b><br>\n</div>\n<div class=\"content\">\n<p>\nWelcome to your report for discovered and managed applications.\n<br>\n<b>Discovered Apps:</b><br>\nThese are an aggregated list of detected applications on devices enrolled in Intune.<br>\nManaged Apps<br>\n<b>Managed apps</b> are those applications that are explicitly deployed, monitored, and controlled through Intune. These apps can be assigned to users or devices and come with a set of management capabilities, such as policy enforcement, configuration, updates, and removal.<br>\n\n@{variables('EmailBody')}\n\n</p>\n\n</div>\n<div class=\"footer\">\n<p>&copy; [@{formatDateTime(utcNow(), 'yyyy')}]  All rights reserved.</p>\n</div>\n</body>\n</html>\n"
            },
            "Send_an_email_-_license_report": {
              "runAfter": {
                "Compose_-_html_for_email": [
                  "Succeeded"
                ]
              },
              "metadata": {
                "operationMetadataId": "40d0294a-0335-4bfe-a194-ff6f568940fd"
              },
              "type": "OpenApiConnection",
              "inputs": {
                "parameters": {
                  "emailMessage/To": "@variables('ReportManager')",
                  "emailMessage/Subject": "Weekly Discovered and Managed Intune Applications report: @{formatDateTime(utcNow(), 'dd-MM-yyyy')}",
                  "emailMessage/Body": "<p class=\"editor-paragraph\">@{outputs('Compose_-_html_for_email')}</p>",
                  "emailMessage/Importance": "Normal"
                },
                "host": {
                  "apiId": "/providers/Microsoft.PowerApps/apis/shared_office365",
                  "operationId": "SendEmailV2",
                  "connectionName": "shared_office365_1"
                }
              }
            },
            "Create_item_-_add_a_power_app_report": {
              "runAfter": {
                "Send_an_email_-_license_report": [
                  "Succeeded"
                ]
              },
              "type": "OpenApiConnection",
              "inputs": {
                "parameters": {
                  "dataset": "https://kumonixtech.sharepoint.com/sites/IntuneHRFlow22",
                  "table": "868f7b94-2454-4abc-8d8d-c81cbb3fca5a",
                  "item/HTMLreport": "@variables('SharepointHTMLBody')",
                  "item/ReportType/Value": "APPS",
                  "item/numApps": "@outputs('Compose_add_all_apptypes')",
                  "item/WinApps": "@variables('windowsappcount')",
                  "item/AndroidApps": "@variables('androidappcount')",
                  "item/iOSApps": "@variables('iosappcount')",
                  "item/macOSApps": "@variables('macappcount')",
                  "item": {
                    "HTMLreport": "@{variables('SharepointHTMLBody')}",
                    "WinApps": "@variables('windowsappcount')",
                    "AndroidApps": "@variables('androidappcount')",
                    "iOSApps": "@variables('iosappcount')",
                    "macOSApps": "@variables('macappcount')",
                    "numApps": "@outputs('Compose_add_all_apptypes')",
                    "ReportType": {
                      "Value": "APPS"
                    }
                  }
                },
                "host": {
                  "apiId": "/providers/Microsoft.PowerApps/apis/shared_sharepointonline",
                  "operationId": "PostItem",
                  "connectionName": "shared_sharepointonline_1"
                }
              }
            },
            "Update_item_-_update_settings_record_to_time_run": {
              "runAfter": {
                "Create_item_-_add_a_power_app_report": [
                  "Succeeded"
                ]
              },
              "type": "OpenApiConnection",
              "inputs": {
                "parameters": {
                  "dataset": "https://kumonixtech.sharepoint.com/sites/IntuneHRFlow22",
                  "table": "868f7b94-2454-4abc-8d8d-c81cbb3fca5a",
                  "id": 1,
                  "item/LastTimeRun": "@utcNow()"
                },
                "host": {
                  "apiId": "/providers/Microsoft.PowerApps/apis/shared_sharepointonline",
                  "operationId": "PatchItem",
                  "connectionName": "shared_sharepointonline_1"
                }
              }
            }
          },
          "runAfter": {
            "Initialize_variable_otherappcount": [
              "Succeeded"
            ]
          },
          "else": {
            "actions": {}
          },
          "expression": {
            "and": [
              {
                "equals": [
                  "@\r\ngreaterOrEquals(\r\n  utcNow(),\r\n  addMinutes(\r\n    outputs('Get_item_-_PowerAppReports_settings_record')?['body/LastTimeRun'],\r\n    int(outputs('Get_item_-_PowerAppReports_settings_record')?['body/ReportInterval']?['Value'])\r\n  )\r\n)",
                  true
                ]
              }
            ]
          },
          "type": "If"
        }
      }
    },
    "templateName": null
  },
  "schemaVersion": "1.0.0.0"
}